file,score,high_confidence,categories,hits,line_count,bytes,source_path,raw_copy
260425_LLMマインドマップトポロジ.md,8981,yes,scope-alias|mutation|validation|ssot|llm-transport|attrs|schema|storage|ui-state,Scope:249; scope:249; Alias:214; alias:214; Command:160; 正本:79; 検証:64; TOON:53; Undo:43; 整合:43; 属性:39; SQLite:34; ViewState:32; Validate:27; Redo:25; Model.apply:20; schema:20; コンテクスト:19; 循環:19; PersistedDocument:15; Repair:15; migration:12; スキーマ:12; 圧縮:12; Command Patch:11; 可変属性:11; SavedDoc:9; nodeAttrs:9; linkAttrs:7; nodes[:7; folder world:5; links[:5; データモデル:5; JSON正本:4; M3E.TOON:4; edgeAttrs:3; 通信:3; M3E.Command:2; edges[:2; metadata:2; コンテキスト:2; データ構造:2; 正本はJSON:2; Command Patch JSON:1; M3E.Context:1; Topology JSON:1; メタデータ:1; 論理正本:1,6916,235888,C:\Users\Akaghef\data\作業\chatGPTdata\MarkdownFiles\Projects\Akaghef\M3E\260425_LLMマインドマップトポロジ.md,raw_conversations/260425_LLMマインドマップトポロジ.md
260417_重要Resource管理のアプローチ.md,7511,yes,scope-alias|mutation|validation|ssot|schema|ui-state|packed-core|llm-transport|attrs|storage,Scope:480; scope:480; Alias:408; alias:408; 正本:150; 整合:118; Command:103; ViewState:75; Undo:74; 極性:74; 検証:65; 属性:52; Redo:42; schema:41; コンテクスト:36; SQLite:29; PersistedDocument:22; migration:22; スキーマ:21; SavedDoc:18; 循環:17; 圧縮:15; データモデル:13; folder world:10; 通信:9; Model.apply:7; Validate:6; データ構造:5; metadata:4; コンテキスト:4; メタデータ:4; 論理正本:2,12387,528610,C:\Users\Akaghef\data\作業\chatGPTdata\MarkdownFiles\Projects\Akaghef\M3E\260417_重要Resource管理のアプローチ.md,raw_conversations/260417_重要Resource管理のアプローチ.md
260410_TCLの意味.md,7340,yes,scope-alias|mutation|validation|ui-state|ssot|attrs|schema|llm-transport|storage,Scope:577; scope:577; Alias:471; alias:471; Command:214; ViewState:122; 整合:101; Undo:98; 検証:75; 正本:74; Redo:70; 属性:56; metadata:46; schema:40; コンテクスト:34; SQLite:28; 循環:26; PersistedDocument:22; migration:22; SavedDoc:20; スキーマ:20; データモデル:12; メタデータ:12; Model.apply:10; folder world:10; 圧縮:10; Validate:8; コンテキスト:6; データ構造:6; 論理正本:2; 通信:2,16560,556702,C:\Users\Akaghef\data\作業\chatGPTdata\MarkdownFiles\Projects\Akaghef\M3E\260410_TCLの意味.md,raw_conversations/260410_TCLの意味.md
260420_戦略立案の改善.md,6812,yes,scope-alias|mutation|validation|ssot|schema|ui-state|storage|attrs|llm-transport,Scope:425; scope:425; Alias:300; alias:300; Command:101; Undo:71; 整合:71; ViewState:61; 正本:61; 検証:60; 属性:46; Redo:45; schema:34; コンテクスト:33; SQLite:31; PersistedDocument:23; スキーマ:23; migration:22; SavedDoc:18; 循環:16; 圧縮:11; folder world:9; データ構造:9; データモデル:7; Model.apply:6; Validate:6; コンテキスト:4; metadata:3; メタデータ:2; 論理正本:2; 通信:2,10709,416705,C:\Users\Akaghef\data\作業\chatGPTdata\MarkdownFiles\Projects\Akaghef\M3E\260420_戦略立案の改善.md,raw_conversations/260420_戦略立案の改善.md
260425_MIOSMindmap_IO_Stack.md,6792,yes,scope-alias|mutation|validation|llm-transport|ssot|schema|ui-state|storage|attrs,Scope:241; scope:241; Alias:198; alias:198; Command:82; 整合:41; 検証:39; Undo:35; 正本:34; ViewState:32; TOON:28; 属性:23; Redo:21; schema:20; MIOS:19; コンテクスト:18; SQLite:17; Validate:17; PersistedDocument:13; migration:11; スキーマ:10; Repair:9; SavedDoc:9; 循環:9; 圧縮:8; Model.apply:6; folder world:5; Mindmap I/O:4; コンテキスト:4; データモデル:4; JSON正本:3; metadata:2; データ構造:2; メタデータ:1; 論理正本:1; 通信:1,5676,196049,C:\Users\Akaghef\data\作業\chatGPTdata\MarkdownFiles\Projects\Akaghef\M3E\260425_MIOSMindmap_IO_Stack.md,raw_conversations/260425_MIOSMindmap_IO_Stack.md
260419_Cloud_Code_Agent_SDK.md,6718,yes,scope-alias|mutation|validation|ssot|schema|ui-state|llm-transport|attrs|storage,Scope:437; scope:437; Alias:390; alias:390; Command:105; Undo:73; 整合:73; ViewState:65; 検証:54; 正本:49; 属性:46; Redo:43; schema:40; コンテクスト:36; SQLite:28; migration:23; PersistedDocument:22; スキーマ:21; SavedDoc:18; 循環:16; 圧縮:12; folder world:10; データモデル:8; Model.apply:6; Validate:6; コンテキスト:6; metadata:4; データ構造:4; メタデータ:2; 論理正本:2; 通信:2,10998,369115,C:\Users\Akaghef\data\作業\chatGPTdata\MarkdownFiles\Projects\Akaghef\M3E\260419_Cloud_Code_Agent_SDK.md,raw_conversations/260419_Cloud_Code_Agent_SDK.md
260410_Structural_Reasoning_Stack.md,6709,yes,scope-alias|mutation|validation|ssot|schema|ui-state|llm-transport|attrs|storage,Scope:442; scope:442; Alias:396; alias:396; Command:98; 整合:81; 検証:72; Undo:69; ViewState:64; 正本:53; 属性:46; Redo:43; schema:40; コンテクスト:37; SQLite:28; PersistedDocument:22; migration:22; スキーマ:20; SavedDoc:18; 循環:17; 圧縮:13; folder world:10; データモデル:8; Model.apply:6; Validate:6; metadata:4; コンテキスト:4; データ構造:4; 通信:4; メタデータ:2; 論理正本:2,11642,407799,C:\Users\Akaghef\data\作業\chatGPTdata\MarkdownFiles\Projects\Akaghef\M3E\260410_Structural_Reasoning_Stack.md,raw_conversations/260410_Structural_Reasoning_Stack.md
260420_ネットワーク同期とセキュリティ.md,6698,yes,scope-alias|mutation|validation|ssot|schema|ui-state|llm-transport|attrs|storage,Scope:436; scope:436; Alias:392; alias:392; Command:98; 整合:73; Undo:68; ViewState:64; 検証:53; 正本:51; 属性:46; Redo:42; schema:40; コンテクスト:40; SQLite:29; PersistedDocument:22; migration:22; スキーマ:20; SavedDoc:18; 循環:16; 圧縮:12; folder world:10; データモデル:8; Model.apply:6; Validate:6; コンテキスト:5; metadata:4; データ構造:4; メタデータ:2; 論理正本:2; 通信:2,11743,420805,C:\Users\Akaghef\data\作業\chatGPTdata\MarkdownFiles\Projects\Akaghef\M3E\260420_ネットワーク同期とセキュリティ.md,raw_conversations/260420_ネットワーク同期とセキュリティ.md
260406_AI_orchestration_in_M3E.md,6682,yes,scope-alias|mutation|validation|ssot|schema|ui-state|llm-transport|attrs|storage,Scope:436; scope:436; Alias:390; alias:390; Command:103; 整合:77; Undo:69; ViewState:65; 検証:54; 正本:52; 属性:48; Redo:43; schema:40; コンテクスト:38; SQLite:28; PersistedDocument:22; migration:22; スキーマ:20; SavedDoc:18; 循環:16; 圧縮:12; folder world:10; データモデル:8; Validate:7; Model.apply:6; metadata:4; コンテキスト:4; データ構造:4; メタデータ:2; 論理正本:2; 通信:2,10946,389182,C:\Users\Akaghef\data\作業\chatGPTdata\MarkdownFiles\Projects\Akaghef\M3E\260406_AI_orchestration_in_M3E.md,raw_conversations/260406_AI_orchestration_in_M3E.md
260417_LLMの抽象度評価.md,6679,yes,scope-alias|mutation|validation|ssot|schema|ui-state|llm-transport|attrs|storage,Scope:436; scope:436; Alias:391; alias:391; Command:98; 整合:83; Undo:68; ViewState:64; 検証:53; 正本:48; 属性:46; Redo:42; schema:40; コンテクスト:36; SQLite:28; PersistedDocument:22; migration:22; スキーマ:20; SavedDoc:18; 循環:17; 圧縮:12; folder world:10; データモデル:8; Model.apply:6; Validate:6; metadata:4; コンテキスト:4; データ構造:4; メタデータ:2; 論理正本:2; 通信:2,10744,368316,C:\Users\Akaghef\data\作業\chatGPTdata\MarkdownFiles\Projects\Akaghef\M3E\260417_LLMの抽象度評価.md,raw_conversations/260417_LLMの抽象度評価.md
260406_AI_memory_reflection.md,6670,yes,scope-alias|mutation|validation|ssot|schema|ui-state|llm-transport|attrs|storage,Scope:436; scope:436; Alias:390; alias:390; Command:98; 整合:72; Undo:68; ViewState:64; 検証:52; 正本:48; 属性:46; Redo:42; schema:40; コンテクスト:36; SQLite:28; PersistedDocument:22; migration:22; スキーマ:20; SavedDoc:18; 循環:16; 圧縮:12; folder world:10; データモデル:8; Model.apply:6; Validate:6; metadata:4; コンテキスト:4; データ構造:4; メタデータ:2; 論理正本:2; 通信:2,10819,374749,C:\Users\Akaghef\data\作業\chatGPTdata\MarkdownFiles\Projects\Akaghef\M3E\260406_AI_memory_reflection.md,raw_conversations/260406_AI_memory_reflection.md
260404_M3EとAgent_Workflow.md,5506,yes,scope-alias|mutation|validation|ssot|schema|ui-state|llm-transport|attrs|storage,Scope:264; scope:264; Alias:251; alias:251; Command:117; 整合:63; 正本:62; Undo:61; 検証:46; ViewState:43; Redo:32; 属性:27; コンテクスト:24; schema:23; スキーマ:16; 循環:16; SQLite:14; migration:14; PersistedDocument:11; SavedDoc:9; 圧縮:9; Validate:7; folder world:7; Model.apply:6; データモデル:6; データ構造:3; メタデータ:3; metadata:2; コンテキスト:2; 論理正本:1; 通信:1,6902,255487,C:\Users\Akaghef\data\作業\chatGPTdata\MarkdownFiles\Projects\Akaghef\M3E\260404_M3EとAgent_Workflow.md,raw_conversations/260404_M3EとAgent_Workflow.md
260409_ローンチ前の自動テスト.md,5438,yes,scope-alias|storage|validation|mutation|ssot|schema|llm-transport|ui-state|attrs,Scope:218; scope:218; Alias:195; alias:195; 検証:72; migration:65; SQLite:64; Command:53; Undo:39; 整合:37; ViewState:32; 正本:29; Redo:25; 属性:23; schema:21; コンテクスト:18; 圧縮:13; スキーマ:12; PersistedDocument:11; SavedDoc:9; 循環:9; folder world:5; データモデル:4; Model.apply:3; Validate:3; metadata:2; コンテキスト:2; データ構造:2; メタデータ:1; 論理正本:1; 通信:1,9646,285546,C:\Users\Akaghef\data\作業\chatGPTdata\MarkdownFiles\Projects\Akaghef\M3E\260409_ローンチ前の自動テスト.md,raw_conversations/260409_ローンチ前の自動テスト.md
260404_ハイブリッド検索の重要性.md,5360,yes,scope-alias|mutation|validation|ssot|schema|llm-transport|ui-state|attrs|storage,Scope:239; scope:239; Alias:228; alias:228; Command:66; 整合:51; Undo:49; ViewState:42; 検証:28; 正本:28; Redo:27; 属性:25; コンテクスト:24; schema:21; スキーマ:15; SQLite:14; migration:13; PersistedDocument:11; 循環:11; 圧縮:10; SavedDoc:9; コンテキスト:9; folder world:7; Model.apply:6; データモデル:6; Validate:3; データ構造:3; metadata:2; メタデータ:1; 論理正本:1; 通信:1,6334,227405,C:\Users\Akaghef\data\作業\chatGPTdata\MarkdownFiles\Projects\Akaghef\M3E\260404_ハイブリッド検索の重要性.md,raw_conversations/260404_ハイブリッド検索の重要性.md
260420_位相と埋め込みアルゴリズム.md,5238,yes,scope-alias|mutation|validation|llm-transport|ssot|schema|ui-state|attrs|storage,Scope:247; scope:247; Alias:203; alias:203; 整合:57; Command:49; Undo:34; ViewState:32; 圧縮:31; 正本:30; 検証:27; 属性:23; Redo:21; schema:20; コンテクスト:18; SQLite:14; PersistedDocument:11; migration:11; コンテキスト:11; スキーマ:10; SavedDoc:9; 循環:8; folder world:5; データモデル:5; Model.apply:3; Validate:3; データ構造:3; メタデータ:3; metadata:2; 論理正本:1; 通信:1,8274,287456,C:\Users\Akaghef\data\作業\chatGPTdata\MarkdownFiles\Projects\Akaghef\M3E\260420_位相と埋め込みアルゴリズム.md,raw_conversations/260420_位相と埋め込みアルゴリズム.md
260402_UIマトリクス視覚化.md,5226,yes,scope-alias|mutation|validation|schema|ssot|ui-state|llm-transport|attrs|storage,Scope:233; scope:233; Alias:225; alias:225; Command:66; 整合:54; Undo:49; ViewState:42; 検証:28; Redo:27; 属性:25; 正本:24; コンテクスト:23; schema:21; スキーマ:15; SQLite:14; migration:13; PersistedDocument:11; 循環:11; SavedDoc:9; 圧縮:9; folder world:7; Model.apply:6; データモデル:6; Validate:3; データ構造:3; メタデータ:3; metadata:2; コンテキスト:2; 論理正本:1; 通信:1,7728,253932,C:\Users\Akaghef\data\作業\chatGPTdata\MarkdownFiles\Projects\Akaghef\M3E\260402_UIマトリクス視覚化.md,raw_conversations/260402_UIマトリクス視覚化.md
260404_Give_push_permission.md,5206,yes,scope-alias|mutation|validation|schema|ssot|ui-state|llm-transport|attrs|storage,Scope:233; scope:233; Alias:225; alias:225; Command:68; Undo:49; 整合:46; ViewState:42; 検証:28; Redo:27; 属性:25; 正本:24; コンテクスト:23; schema:21; スキーマ:15; SQLite:14; migration:13; PersistedDocument:11; 循環:11; SavedDoc:9; 圧縮:9; folder world:7; Model.apply:6; データモデル:6; Validate:3; データ構造:3; metadata:2; コンテキスト:2; メタデータ:1; 論理正本:1; 通信:1,5982,221357,C:\Users\Akaghef\data\作業\chatGPTdata\MarkdownFiles\Projects\Akaghef\M3E\260404_Give_push_permission.md,raw_conversations/260404_Give_push_permission.md
260423_M3Eによる数学書の読解.md,5151,yes,scope-alias|mutation|validation|llm-transport|ssot|schema|ui-state|attrs|storage,Scope:236; scope:236; Alias:195; alias:195; Command:52; 整合:40; 圧縮:39; 正本:35; Undo:34; ViewState:32; 検証:26; 属性:25; schema:22; Redo:21; コンテクスト:19; SQLite:14; PersistedDocument:11; migration:11; スキーマ:10; 循環:10; SavedDoc:9; folder world:5; データモデル:4; Model.apply:3; Validate:3; データ構造:3; metadata:2; コンテキスト:2; メタデータ:1; 論理正本:1; 通信:1,5802,238652,C:\Users\Akaghef\data\作業\chatGPTdata\MarkdownFiles\Projects\Akaghef\M3E\260423_M3Eによる数学書の読解.md,raw_conversations/260423_M3Eによる数学書の読解.md
260421_PDFメタデータ分類法.md,5113,yes,scope-alias|mutation|validation|attrs|ssot|schema|ui-state|llm-transport|storage,Scope:219; scope:219; Alias:196; alias:196; Command:49; 整合:37; Undo:34; ViewState:32; schema:31; 正本:27; 検証:26; metadata:23; 属性:23; Redo:21; コンテクスト:18; SQLite:14; PersistedDocument:11; migration:11; スキーマ:10; SavedDoc:9; 循環:8; 圧縮:6; folder world:5; メタデータ:5; データモデル:4; Model.apply:3; Validate:3; コンテキスト:2; データ構造:2; 論理正本:1; 通信:1,6010,210467,C:\Users\Akaghef\data\作業\chatGPTdata\MarkdownFiles\Projects\Akaghef\M3E\260421_PDFメタデータ分類法.md,raw_conversations/260421_PDFメタデータ分類法.md
260422_研究計画とコスト分析.md,5060,yes,scope-alias|validation|mutation|llm-transport|ssot|schema|ui-state|attrs|storage,Scope:218; scope:218; Alias:197; alias:197; 検証:67; Command:49; 整合:39; Undo:35; ViewState:31; 圧縮:25; 属性:23; 正本:23; Redo:22; schema:21; コンテクスト:17; スキーマ:15; SQLite:14; migration:12; PersistedDocument:11; SavedDoc:9; 循環:8; folder world:5; Model.apply:3; Validate:3; データモデル:3; データ構造:3; metadata:2; コンテキスト:2; 通信:2; メタデータ:1; 論理正本:1,6476,253247,C:\Users\Akaghef\data\作業\chatGPTdata\MarkdownFiles\Projects\Akaghef\M3E\260422_研究計画とコスト分析.md,raw_conversations/260422_研究計画とコスト分析.md
260423_ハードウェアデータ基盤設計.md,5051,yes,scope-alias|validation|mutation|ssot|schema|llm-transport|ui-state|attrs|storage,Scope:218; scope:218; Alias:197; alias:197; 検証:99; Command:53; 整合:40; Undo:35; ViewState:32; 正本:26; コンテクスト:23; 属性:23; Redo:22; schema:20; SQLite:14; スキーマ:12; PersistedDocument:11; migration:11; 圧縮:11; 循環:11; SavedDoc:9; folder world:5; データ構造:5; データモデル:4; Model.apply:3; Validate:3; metadata:2; コンテキスト:2; 通信:2; メタデータ:1; 論理正本:1,7308,267006,C:\Users\Akaghef\data\作業\chatGPTdata\MarkdownFiles\Projects\Akaghef\M3E\260423_ハードウェアデータ基盤設計.md,raw_conversations/260423_ハードウェアデータ基盤設計.md
260419_数学書の解析と構造化.md,5037,yes,scope-alias|mutation|validation|ssot|schema|attrs|ui-state|llm-transport|storage,Scope:219; scope:219; Alias:199; alias:199; Command:49; 正本:44; 整合:37; Undo:34; ViewState:33; 検証:28; 属性:25; Redo:21; schema:21; コンテクスト:19; SQLite:17; スキーマ:12; PersistedDocument:11; migration:11; SavedDoc:9; 循環:8; metadata:6; 圧縮:6; folder world:5; データモデル:4; Model.apply:3; Validate:3; メタデータ:3; コンテキスト:2; データ構造:2; JSON正本:1; 論理正本:1; 通信:1,5801,217879,C:\Users\Akaghef\data\作業\chatGPTdata\MarkdownFiles\Projects\Akaghef\M3E\260419_数学書の解析と構造化.md,raw_conversations/260419_数学書の解析と構造化.md
260411_Entity_Party_Org_関係.md,5001,yes,scope-alias|mutation|validation|ssot|schema|llm-transport|ui-state|attrs|storage,Scope:313; scope:313; Alias:206; alias:206; Command:57; 整合:45; Undo:39; 検証:37; ViewState:32; 正本:31; 属性:24; Redo:23; コンテクスト:22; schema:20; SQLite:14; PersistedDocument:11; migration:11; スキーマ:10; SavedDoc:9; 圧縮:8; 循環:8; folder world:5; データモデル:5; Model.apply:4; Validate:4; metadata:2; コンテキスト:2; データ構造:2; メタデータ:1; 論理正本:1; 通信:1,9519,262772,C:\Users\Akaghef\data\作業\chatGPTdata\MarkdownFiles\Projects\Akaghef\M3E\260411_Entity_Party_Org_関係.md,raw_conversations/260411_Entity_Party_Org_関係.md
260422_M3Eと数学的発見.md,4998,yes,scope-alias|mutation|validation|ssot|llm-transport|schema|ui-state|attrs|storage,Scope:219; scope:219; Alias:196; alias:196; Command:49; 整合:41; Undo:34; ViewState:32; 正本:32; 検証:28; 属性:23; Redo:21; 圧縮:21; schema:20; コンテクスト:18; SQLite:14; PersistedDocument:11; migration:11; スキーマ:10; SavedDoc:9; 循環:9; folder world:5; データモデル:4; Model.apply:3; Validate:3; metadata:2; コンテキスト:2; データ構造:2; メタデータ:1; 論理正本:1; 通信:1,6110,236898,C:\Users\Akaghef\data\作業\chatGPTdata\MarkdownFiles\Projects\Akaghef\M3E\260422_M3Eと数学的発見.md,raw_conversations/260422_M3Eと数学的発見.md
260411_セキュリティとスコープ設計.md,4989,yes,scope-alias|mutation|validation|ssot|schema|llm-transport|ui-state|attrs|storage,Scope:315; scope:315; Alias:296; alias:296; Command:50; 整合:41; Undo:36; ViewState:32; 検証:29; コンテクスト:26; 正本:24; 属性:23; Redo:21; schema:20; SQLite:14; PersistedDocument:11; migration:11; スキーマ:10; SavedDoc:9; 循環:9; 圧縮:7; folder world:5; Model.apply:4; metadata:4; データモデル:4; データ構造:4; Validate:3; メタデータ:3; コンテキスト:2; 論理正本:1; 通信:1,6754,222523,C:\Users\Akaghef\data\作業\chatGPTdata\MarkdownFiles\Projects\Akaghef\M3E\260411_セキュリティとスコープ設計.md,raw_conversations/260411_セキュリティとスコープ設計.md
260424_認知資源の効率化と物理.md,4981,yes,scope-alias|mutation|validation|llm-transport|ssot|schema|ui-state|attrs|storage,Scope:222; scope:222; Alias:196; alias:196; Command:49; 整合:36; Undo:34; ViewState:32; 検証:26; 正本:24; 属性:23; Redo:21; schema:20; 圧縮:20; コンテクスト:19; SQLite:14; PersistedDocument:11; migration:11; スキーマ:10; SavedDoc:9; 循環:8; 通信:7; folder world:5; データモデル:4; Model.apply:3; Validate:3; データ構造:3; metadata:2; コンテキスト:2; メタデータ:1; 論理正本:1,5676,197196,C:\Users\Akaghef\data\作業\chatGPTdata\MarkdownFiles\Projects\Akaghef\M3E\260424_認知資源の効率化と物理.md,raw_conversations/260424_認知資源の効率化と物理.md
260410_重要LLMとM3E構造比較.md,4978,yes,scope-alias|mutation|validation|ssot|llm-transport|schema|ui-state|attrs|storage,Scope:249; scope:249; Alias:203; alias:203; Command:51; 整合:41; Undo:34; 正本:34; ViewState:32; 検証:27; 属性:25; Redo:21; schema:20; コンテクスト:20; 圧縮:15; SQLite:14; PersistedDocument:11; migration:11; スキーマ:10; SavedDoc:9; 循環:8; folder world:6; データモデル:4; Model.apply:3; Validate:3; metadata:2; コンテキスト:2; データ構造:2; メタデータ:1; 論理正本:1; 通信:1,6516,237095,C:\Users\Akaghef\data\作業\chatGPTdata\MarkdownFiles\Projects\Akaghef\M3E\260410_重要LLMとM3E構造比較.md,raw_conversations/260410_重要LLMとM3E構造比較.md
260421_情報欠落検出問題.md,4957,yes,scope-alias|mutation|validation|ssot|llm-transport|schema|ui-state|attrs|storage,Scope:235; scope:235; Alias:195; alias:195; Command:49; 整合:40; 検証:35; Undo:34; ViewState:32; 正本:27; コンテクスト:24; 属性:24; Redo:21; schema:20; SQLite:14; PersistedDocument:11; migration:11; スキーマ:10; SavedDoc:9; 圧縮:8; 循環:8; folder world:5; コンテキスト:5; データモデル:4; Model.apply:3; Validate:3; metadata:2; データ構造:2; メタデータ:1; 論理正本:1; 通信:1,5993,208568,C:\Users\Akaghef\data\作業\chatGPTdata\MarkdownFiles\Projects\Akaghef\M3E\260421_情報欠落検出問題.md,raw_conversations/260421_情報欠落検出問題.md
260408_数学書の構造化.md,4954,yes,scope-alias|mutation|validation|ssot|llm-transport|schema|ui-state|attrs|storage,Scope:218; scope:218; Alias:196; alias:196; Command:49; 整合:44; Undo:34; ViewState:32; 検証:29; 正本:24; 属性:23; 圧縮:22; Redo:21; schema:20; コンテクスト:18; SQLite:14; PersistedDocument:11; migration:11; スキーマ:10; 循環:10; SavedDoc:9; folder world:5; データモデル:4; Model.apply:3; Validate:3; metadata:2; コンテキスト:2; データ構造:2; メタデータ:1; 論理正本:1; 通信:1,6091,195871,C:\Users\Akaghef\data\作業\chatGPTdata\MarkdownFiles\Projects\Akaghef\M3E\260408_数学書の構造化.md,raw_conversations/260408_数学書の構造化.md
260413_M3_Server_Online_Access.md,4929,yes,scope-alias|mutation|validation|ssot|llm-transport|schema|ui-state|attrs|storage,Scope:219; scope:219; Alias:196; alias:196; Command:63; 整合:38; Undo:35; ViewState:32; 検証:29; 正本:27; 属性:23; Redo:22; schema:20; コンテクスト:18; SQLite:14; 通信:12; PersistedDocument:11; migration:11; スキーマ:10; SavedDoc:9; 循環:8; 圧縮:6; folder world:5; データモデル:4; Model.apply:3; Validate:3; metadata:2; コンテキスト:2; データ構造:2; メタデータ:1; 論理正本:1,5604,194350,C:\Users\Akaghef\data\作業\chatGPTdata\MarkdownFiles\Projects\Akaghef\M3E\260413_M3_Server_Online_Access.md,raw_conversations/260413_M3_Server_Online_Access.md
260413_Offline_XMind_Integration.md,4854,yes,scope-alias|mutation|validation|ssot|schema|ui-state|attrs|llm-transport|storage,Scope:226; scope:226; Alias:201; alias:201; Command:49; 整合:37; Undo:36; ViewState:32; 正本:28; 検証:26; 属性:23; Redo:22; schema:21; コンテクスト:18; SQLite:14; PersistedDocument:11; migration:11; スキーマ:10; SavedDoc:9; 循環:8; 圧縮:6; folder world:5; データモデル:5; Model.apply:3; Validate:3; metadata:3; コンテキスト:2; データ構造:2; メタデータ:2; 論理正本:1; 通信:1,5854,207825,C:\Users\Akaghef\data\作業\chatGPTdata\MarkdownFiles\Projects\Akaghef\M3E\260413_Offline_XMind_Integration.md,raw_conversations/260413_Offline_XMind_Integration.md
260425_動的粒度制御能力.md,4839,yes,scope-alias|mutation|validation|ssot|schema|llm-transport|ui-state|attrs|storage,Scope:220; scope:220; Alias:198; alias:198; Command:49; 整合:44; Undo:34; ViewState:32; 検証:32; 正本:24; 属性:23; Redo:21; schema:20; コンテクスト:20; SQLite:14; PersistedDocument:11; migration:11; スキーマ:10; SavedDoc:9; 圧縮:9; 循環:8; folder world:5; データモデル:4; Model.apply:3; Validate:3; metadata:2; コンテキスト:2; データ構造:2; メタデータ:1; 論理正本:1; 通信:1,5504,192643,C:\Users\Akaghef\data\作業\chatGPTdata\MarkdownFiles\Projects\Akaghef\M3E\260425_動的粒度制御能力.md,raw_conversations/260425_動的粒度制御能力.md
260410_LLMの知識境界.md,4836,yes,scope-alias|mutation|validation|ssot|schema|ui-state|llm-transport|attrs|storage,Scope:238; scope:238; Alias:202; alias:202; Command:49; 整合:40; Undo:34; ViewState:32; 検証:29; 正本:27; 属性:23; Redo:21; schema:20; コンテクスト:20; SQLite:14; PersistedDocument:11; migration:11; スキーマ:10; SavedDoc:9; 循環:8; 圧縮:6; folder world:5; データモデル:4; Model.apply:3; Validate:3; metadata:2; コンテキスト:2; データ構造:2; メタデータ:1; 論理正本:1; 通信:1,5463,210963,C:\Users\Akaghef\data\作業\chatGPTdata\MarkdownFiles\Projects\Akaghef\M3E\260410_LLMの知識境界.md,raw_conversations/260410_LLMの知識境界.md
260421_SPReADとARiSEの違い.md,4825,yes,scope-alias|validation|mutation|ssot|schema|ui-state|llm-transport|attrs|storage,Scope:218; scope:218; Alias:195; alias:195; 検証:95; Command:49; 整合:38; Undo:34; ViewState:32; 正本:24; 属性:23; Redo:21; schema:20; コンテクスト:18; SQLite:14; PersistedDocument:11; migration:11; スキーマ:10; SavedDoc:9; 循環:8; 圧縮:6; folder world:5; データモデル:4; Model.apply:3; Validate:3; データ構造:3; metadata:2; コンテキスト:2; メタデータ:2; 通信:2; 論理正本:1,6859,249287,C:\Users\Akaghef\data\作業\chatGPTdata\MarkdownFiles\Projects\Akaghef\M3E\260421_SPReADとARiSEの違い.md,raw_conversations/260421_SPReADとARiSEの違い.md
260417_ハーネスエンジニアリングとは.md,4821,yes,scope-alias|mutation|validation|ssot|schema|ui-state|llm-transport|attrs|storage,Scope:218; scope:218; Alias:195; alias:195; Command:49; 整合:36; Undo:34; ViewState:32; 検証:28; 正本:26; 属性:23; Redo:21; schema:20; コンテクスト:18; SQLite:14; PersistedDocument:11; migration:11; スキーマ:10; SavedDoc:9; 循環:8; 圧縮:7; folder world:5; データモデル:4; Model.apply:3; Validate:3; データ構造:3; metadata:2; コンテキスト:2; メタデータ:1; 論理正本:1; 通信:1,5511,192404,C:\Users\Akaghef\data\作業\chatGPTdata\MarkdownFiles\Projects\Akaghef\M3E\260417_ハーネスエンジニアリングとは.md,raw_conversations/260417_ハーネスエンジニアリングとは.md
260421_オンボーディングワークフロー.md,4815,yes,scope-alias|mutation|validation|ssot|schema|ui-state|llm-transport|attrs|storage,Scope:219; scope:219; Alias:196; alias:196; Command:49; 整合:37; Undo:34; ViewState:32; 検証:28; 正本:27; 属性:23; Redo:21; schema:20; コンテクスト:19; SQLite:14; PersistedDocument:11; migration:11; スキーマ:10; SavedDoc:9; 循環:8; 圧縮:6; folder world:5; データモデル:4; Model.apply:3; Validate:3; metadata:2; コンテキスト:2; データ構造:2; メタデータ:1; 論理正本:1; 通信:1,5342,185250,C:\Users\Akaghef\data\作業\chatGPTdata\MarkdownFiles\Projects\Akaghef\M3E\260421_オンボーディングワークフロー.md,raw_conversations/260421_オンボーディングワークフロー.md
260421_フラクタル性と物理現象.md,4807,yes,scope-alias|mutation|validation|ssot|schema|llm-transport|ui-state|attrs|storage,Scope:227; scope:227; Alias:197; alias:197; Command:50; 整合:39; Undo:35; ViewState:32; 検証:26; 属性:24; 正本:24; Redo:21; schema:20; コンテクスト:18; SQLite:14; PersistedDocument:11; migration:11; スキーマ:10; 圧縮:10; SavedDoc:9; 循環:8; folder world:5; データモデル:4; Model.apply:3; Validate:3; metadata:2; コンテキスト:2; データ構造:2; 通信:2; メタデータ:1; 論理正本:1,6195,225180,C:\Users\Akaghef\data\作業\chatGPTdata\MarkdownFiles\Projects\Akaghef\M3E\260421_フラクタル性と物理現象.md,raw_conversations/260421_フラクタル性と物理現象.md
260425_分類木自動生成手法.md,4807,yes,scope-alias|mutation|validation|ssot|schema|ui-state|llm-transport|attrs|storage,Scope:218; scope:218; Alias:195; alias:195; Command:49; 整合:37; Undo:34; ViewState:32; 正本:28; 検証:26; 属性:23; Redo:21; schema:20; コンテクスト:18; SQLite:14; PersistedDocument:11; migration:11; スキーマ:10; SavedDoc:9; 循環:8; 圧縮:7; folder world:5; データモデル:4; Model.apply:3; Validate:3; metadata:2; コンテキスト:2; データ構造:2; メタデータ:1; 論理正本:1; 通信:1,5494,188971,C:\Users\Akaghef\data\作業\chatGPTdata\MarkdownFiles\Projects\Akaghef\M3E\260425_分類木自動生成手法.md,raw_conversations/260425_分類木自動生成手法.md
260413_Miro_API_Mind_Map_Editing.md,4780,yes,scope-alias|mutation|validation|ssot|schema|ui-state|attrs|llm-transport|storage,Scope:218; scope:218; Alias:195; alias:195; Command:49; 整合:36; Undo:34; ViewState:32; 検証:27; 正本:25; 属性:23; Redo:21; schema:20; コンテクスト:18; SQLite:14; PersistedDocument:11; migration:11; スキーマ:10; SavedDoc:9; 循環:8; 圧縮:6; folder world:5; データモデル:4; Model.apply:3; Validate:3; metadata:2; コンテキスト:2; データ構造:2; メタデータ:2; 論理正本:1; 通信:1,5452,189641,C:\Users\Akaghef\data\作業\chatGPTdata\MarkdownFiles\Projects\Akaghef\M3E\260413_Miro_API_Mind_Map_Editing.md,raw_conversations/260413_Miro_API_Mind_Map_Editing.md
260422_GUI自動化_Playwright.md,4776,yes,scope-alias|mutation|validation|ssot|schema|ui-state|llm-transport|attrs|storage,Scope:218; scope:218; Alias:195; alias:195; Command:51; 整合:37; Undo:34; ViewState:32; 検証:29; 正本:24; 属性:23; Redo:21; schema:20; コンテクスト:18; SQLite:14; PersistedDocument:11; migration:11; スキーマ:10; SavedDoc:9; 循環:8; 圧縮:6; folder world:5; データモデル:4; Model.apply:3; Validate:3; metadata:2; コンテキスト:2; データ構造:2; メタデータ:1; 論理正本:1; 通信:1,5422,188610,C:\Users\Akaghef\data\作業\chatGPTdata\MarkdownFiles\Projects\Akaghef\M3E\260422_GUI自動化_Playwright.md,raw_conversations/260422_GUI自動化_Playwright.md
260407_Claude_Git自動承認設定.md,4773,yes,scope-alias|mutation|validation|ssot|schema|ui-state|llm-transport|attrs|storage,Scope:218; scope:218; Alias:195; alias:195; Command:51; 整合:36; Undo:34; ViewState:32; 検証:26; 正本:24; 属性:23; schema:22; Redo:21; コンテクスト:18; SQLite:14; PersistedDocument:11; migration:11; スキーマ:10; SavedDoc:9; 循環:8; 圧縮:6; folder world:5; データモデル:4; Model.apply:3; Validate:3; metadata:2; コンテキスト:2; データ構造:2; メタデータ:1; 論理正本:1; 通信:1,5402,183410,C:\Users\Akaghef\data\作業\chatGPTdata\MarkdownFiles\Projects\Akaghef\M3E\260407_Claude_Git自動承認設定.md,raw_conversations/260407_Claude_Git自動承認設定.md
260415_CI通知と失敗対策.md,4771,yes,scope-alias|mutation|validation|ssot|schema|ui-state|llm-transport|attrs|storage,Scope:218; scope:218; Alias:195; alias:195; Command:49; 整合:36; Undo:34; ViewState:32; 検証:26; 正本:24; 属性:23; Redo:21; schema:20; コンテクスト:18; SQLite:14; PersistedDocument:11; migration:11; スキーマ:10; SavedDoc:9; 循環:8; 圧縮:6; folder world:5; Model.apply:4; データモデル:4; Validate:3; metadata:2; コンテキスト:2; データ構造:2; メタデータ:1; 論理正本:1; 通信:1,5558,184051,C:\Users\Akaghef\data\作業\chatGPTdata\MarkdownFiles\Projects\Akaghef\M3E\260415_CI通知と失敗対策.md,raw_conversations/260415_CI通知と失敗対策.md
260405_Obsidianのビジネスモデル.md,4769,yes,scope-alias|mutation|validation|ssot|schema|ui-state|llm-transport|attrs|storage,Scope:219; scope:219; Alias:196; alias:196; Command:53; 整合:39; Undo:35; ViewState:32; 検証:26; 正本:24; 属性:23; Redo:21; schema:20; コンテクスト:18; SQLite:14; PersistedDocument:11; migration:11; スキーマ:10; SavedDoc:9; 循環:8; 圧縮:6; folder world:5; データモデル:5; Model.apply:3; Validate:3; metadata:2; コンテキスト:2; データ構造:2; メタデータ:1; 論理正本:1; 通信:1,5594,188597,C:\Users\Akaghef\data\作業\chatGPTdata\MarkdownFiles\Projects\Akaghef\M3E\260405_Obsidianのビジネスモデル.md,raw_conversations/260405_Obsidianのビジネスモデル.md
260421_M3E威力の伝え方.md,4769,yes,scope-alias|mutation|validation|ssot|schema|ui-state|llm-transport|attrs|storage,Scope:218; scope:218; Alias:200; alias:200; Command:49; Undo:36; 整合:36; ViewState:32; 検証:26; 正本:24; 属性:23; Redo:21; schema:20; コンテクスト:18; SQLite:14; PersistedDocument:11; migration:11; スキーマ:10; SavedDoc:9; 圧縮:8; 循環:8; folder world:5; データモデル:4; Model.apply:3; Validate:3; metadata:2; コンテキスト:2; データ構造:2; メタデータ:1; 論理正本:1; 通信:1,5409,182011,C:\Users\Akaghef\data\作業\chatGPTdata\MarkdownFiles\Projects\Akaghef\M3E\260421_M3E威力の伝え方.md,raw_conversations/260421_M3E威力の伝え方.md
260412_Party_experience_summary.md,4765,yes,scope-alias|mutation|validation|ssot|schema|ui-state|attrs|llm-transport|storage,Scope:218; scope:218; Alias:195; alias:195; Command:49; 整合:36; Undo:34; ViewState:32; 検証:26; 正本:24; 属性:23; Redo:21; schema:20; コンテクスト:18; SQLite:14; PersistedDocument:11; migration:11; スキーマ:10; SavedDoc:9; 循環:8; 圧縮:6; folder world:5; metadata:4; データモデル:4; Model.apply:3; Validate:3; コンテキスト:2; データ構造:2; メタデータ:1; 論理正本:1; 通信:1,5488,191556,C:\Users\Akaghef\data\作業\chatGPTdata\MarkdownFiles\Projects\Akaghef\M3E\260412_Party_experience_summary.md,raw_conversations/260412_Party_experience_summary.md
260410_線形からグラフ構造.md,4761,yes,scope-alias|mutation|validation|ssot|schema|ui-state|llm-transport|attrs|storage,Scope:226; scope:226; Alias:196; alias:196; Command:50; 整合:36; Undo:34; ViewState:32; 検証:26; 正本:24; 属性:23; Redo:21; schema:20; コンテクスト:18; SQLite:14; PersistedDocument:11; migration:11; スキーマ:10; SavedDoc:9; 循環:8; 圧縮:6; folder world:5; データモデル:4; Model.apply:3; Validate:3; コンテキスト:3; metadata:2; データ構造:2; メタデータ:1; 論理正本:1; 通信:1,5596,195519,C:\Users\Akaghef\data\作業\chatGPTdata\MarkdownFiles\Projects\Akaghef\M3E\260410_線形からグラフ構造.md,raw_conversations/260410_線形からグラフ構造.md
260411_CodexとLLMの違い.md,4759,yes,scope-alias|mutation|validation|ssot|schema|ui-state|llm-transport|attrs|storage,Scope:218; scope:218; Alias:195; alias:195; Command:49; 整合:36; Undo:34; ViewState:32; 検証:26; 正本:24; 属性:23; Redo:21; schema:20; コンテクスト:18; SQLite:14; PersistedDocument:11; migration:11; スキーマ:10; SavedDoc:9; 循環:8; 圧縮:6; folder world:5; データモデル:4; Model.apply:3; Validate:3; metadata:2; コンテキスト:2; データ構造:2; 通信:2; メタデータ:1; 論理正本:1,5753,187936,C:\Users\Akaghef\data\作業\chatGPTdata\MarkdownFiles\Projects\Akaghef\M3E\260411_CodexとLLMの違い.md,raw_conversations/260411_CodexとLLMの違い.md
260422_数学研究と著作権.md,4758,yes,scope-alias|mutation|validation|ssot|schema|ui-state|llm-transport|attrs|storage,Scope:218; scope:218; Alias:195; alias:195; Command:49; 整合:36; Undo:34; ViewState:32; 検証:27; 正本:24; 属性:23; Redo:21; schema:20; コンテクスト:18; SQLite:14; PersistedDocument:11; migration:11; スキーマ:10; SavedDoc:9; 循環:8; 圧縮:6; folder world:5; データモデル:4; Model.apply:3; Validate:3; metadata:2; コンテキスト:2; データ構造:2; メタデータ:1; 論理正本:1; 通信:1,5396,191834,C:\Users\Akaghef\data\作業\chatGPTdata\MarkdownFiles\Projects\Akaghef\M3E\260422_数学研究と著作権.md,raw_conversations/260422_数学研究と著作権.md
260405_M3E_vs_M3E.md,4749,yes,scope-alias|mutation|validation|ssot|schema|ui-state|llm-transport|attrs|storage,Scope:218; scope:218; Alias:195; alias:195; Command:49; 整合:37; Undo:34; ViewState:32; 検証:26; 正本:24; 属性:23; Redo:21; schema:20; コンテクスト:18; SQLite:14; PersistedDocument:11; migration:11; スキーマ:10; SavedDoc:9; 循環:8; 圧縮:6; folder world:5; データモデル:4; Model.apply:3; Validate:3; metadata:2; コンテキスト:2; データ構造:2; メタデータ:1; 論理正本:1; 通信:1,5379,181793,C:\Users\Akaghef\data\作業\chatGPTdata\MarkdownFiles\Projects\Akaghef\M3E\260405_M3E_vs_M3E.md,raw_conversations/260405_M3E_vs_M3E.md
260406_位相空間_定義.md,4749,yes,scope-alias|mutation|validation|ssot|schema|ui-state|llm-transport|attrs|storage,Scope:218; scope:218; Alias:195; alias:195; Command:49; 整合:37; Undo:34; ViewState:32; 検証:26; 正本:24; 属性:23; Redo:21; schema:20; コンテクスト:18; SQLite:14; PersistedDocument:11; migration:11; スキーマ:10; SavedDoc:9; 循環:8; 圧縮:6; folder world:5; データモデル:4; Model.apply:3; Validate:3; metadata:2; コンテキスト:2; データ構造:2; メタデータ:1; 論理正本:1; 通信:1,5567,187935,C:\Users\Akaghef\data\作業\chatGPTdata\MarkdownFiles\Projects\Akaghef\M3E\260406_位相空間_定義.md,raw_conversations/260406_位相空間_定義.md
260411_GitHubインストーラ警告対策.md,4749,yes,scope-alias|mutation|validation|ssot|schema|ui-state|llm-transport|attrs|storage,Scope:218; scope:218; Alias:195; alias:195; Command:49; 整合:36; Undo:34; ViewState:32; 検証:26; 正本:24; 属性:23; Redo:21; schema:20; コンテクスト:18; SQLite:14; PersistedDocument:11; migration:11; スキーマ:10; SavedDoc:9; 循環:8; 圧縮:6; folder world:5; データモデル:4; Model.apply:3; Validate:3; metadata:2; コンテキスト:2; データ構造:2; メタデータ:1; 論理正本:1; 通信:1,5876,191140,C:\Users\Akaghef\data\作業\chatGPTdata\MarkdownFiles\Projects\Akaghef\M3E\260411_GitHubインストーラ警告対策.md,raw_conversations/260411_GitHubインストーラ警告対策.md
260412_Codex_Git操作方法.md,4749,yes,scope-alias|mutation|validation|ssot|schema|ui-state|llm-transport|attrs|storage,Scope:218; scope:218; Alias:195; alias:195; Command:49; 整合:36; Undo:34; ViewState:32; 検証:26; 正本:24; 属性:23; Redo:21; schema:20; コンテクスト:18; SQLite:14; PersistedDocument:11; migration:11; スキーマ:10; SavedDoc:9; 循環:8; 圧縮:6; folder world:5; データモデル:4; Model.apply:3; Validate:3; metadata:2; コンテキスト:2; データ構造:2; メタデータ:1; 論理正本:1; 通信:1,5389,181021,C:\Users\Akaghef\data\作業\chatGPTdata\MarkdownFiles\Projects\Akaghef\M3E\260412_Codex_Git操作方法.md,raw_conversations/260412_Codex_Git操作方法.md
260415_scopen_descopen改善提案.md,4749,yes,scope-alias|mutation|validation|ssot|schema|ui-state|llm-transport|attrs|storage,Scope:292; scope:292; Alias:195; alias:195; Command:49; 整合:36; Undo:34; ViewState:32; 検証:26; 正本:24; 属性:23; Redo:21; schema:20; コンテクスト:18; SQLite:14; PersistedDocument:11; migration:11; スキーマ:10; SavedDoc:9; 循環:8; 圧縮:6; folder world:5; データモデル:4; Model.apply:3; Validate:3; metadata:2; コンテキスト:2; データ構造:2; メタデータ:1; 論理正本:1; 通信:1,5687,188857,C:\Users\Akaghef\data\作業\chatGPTdata\MarkdownFiles\Projects\Akaghef\M3E\260415_scopen_descopen改善提案.md,raw_conversations/260415_scopen_descopen改善提案.md
260420_目標整理と最小化.md,4256,yes,scope-alias|mutation|validation|ssot|schema|attrs|llm-transport|storage|ui-state,Scope:127; scope:127; Alias:102; alias:102; Command:48; Undo:36; 整合:32; 検証:23; 正本:23; 属性:22; Redo:21; ViewState:19; コンテクスト:16; SQLite:15; schema:15; スキーマ:11; SavedDoc:9; PersistedDocument:8; 循環:8; migration:7; 圧縮:5; Model.apply:3; データモデル:3; folder world:2; コンテキスト:2; metadata:1; データ構造:1; メタデータ:1; 論理正本:1; 通信:1,5160,182528,C:\Users\Akaghef\data\作業\chatGPTdata\MarkdownFiles\Projects\Akaghef\M3E\260420_目標整理と最小化.md,raw_conversations/260420_目標整理と最小化.md
260419_PJ遂行の仕組み.md,3628,yes,scope-alias|mutation|validation|ssot|llm-transport|attrs|schema|storage|ui-state,Scope:108; scope:108; Alias:81; alias:81; Command:45; Undo:32; 整合:24; 属性:22; 検証:21; 正本:20; Redo:19; コンテクスト:16; ViewState:11; SQLite:10; SavedDoc:9; スキーマ:9; schema:7; 圧縮:7; 循環:6; migration:5; Model.apply:3; folder world:2; コンテキスト:2; データモデル:2; PersistedDocument:1; metadata:1; データ構造:1; メタデータ:1; 論理正本:1; 通信:1,4594,177286,C:\Users\Akaghef\data\作業\chatGPTdata\MarkdownFiles\Projects\Akaghef\M3E\260419_PJ遂行の仕組み.md,raw_conversations/260419_PJ遂行の仕組み.md
260330_Industry_E4_clarification.md,3192,yes,scope-alias|mutation|validation|schema|ui-state|llm-transport|storage|attrs,Alias:62; alias:62; Command:35; Scope:31; scope:31; 整合:31; Undo:30; ViewState:20; migration:16; スキーマ:16; 属性:14; Redo:12; コンテクスト:10; 循環:7; 検証:7; Model.apply:6; schema:6; 圧縮:6; folder world:4; データモデル:4; データ構造:3,1614,90169,C:\Users\Akaghef\data\作業\chatGPTdata\MarkdownFiles\Projects\Akaghef\M3E\260330_Industry_E4_clarification.md,raw_conversations/260330_Industry_E4_clarification.md
260304_開発言語選定.md,2865,yes,mutation|scope-alias|schema|ui-state|validation|storage|llm-transport|attrs,Command:87; Undo:68; Redo:35; ViewState:29; 整合:21; Alias:18; alias:18; Model.apply:15; スキーマ:12; データ構造:11; Scope:9; scope:9; データモデル:9; schema:7; migration:6; 検証:5; 通信:4; 循環:3; SQLite:2; folder world:1; コンテクスト:1; 属性:1,3336,132262,C:\Users\Akaghef\data\作業\chatGPTdata\MarkdownFiles\Projects\Akaghef\M3E\260304_開発言語選定.md,raw_conversations/260304_開発言語選定.md
260403_アイコン設計方針.md,2732,yes,scope-alias|mutation|validation|ui-state|schema|llm-transport|attrs|storage,Alias:69; alias:69; Command:34; Scope:31; scope:31; Undo:30; 整合:22; ViewState:20; Redo:12; コンテクスト:10; スキーマ:10; Model.apply:6; 圧縮:6; 循環:6; folder world:4; migration:4; データモデル:4; 属性:4; 検証:4; schema:2; データ構造:2,1250,69263,C:\Users\Akaghef\data\作業\chatGPTdata\MarkdownFiles\Projects\Akaghef\M3E\260403_アイコン設計方針.md,raw_conversations/260403_アイコン設計方針.md
260403_クラウド同期マージ問題.md,2554,yes,scope-alias|mutation|validation|attrs|llm-transport|ui-state|schema|ssot|storage,Alias:43; alias:43; Scope:36; scope:36; 整合:23; Undo:22; Command:21; ViewState:15; 属性:15; 検証:12; 循環:10; 圧縮:9; Redo:8; スキーマ:6; コンテクスト:5; Model.apply:3; メタデータ:3; 正本:3; 通信:3; folder world:2; migration:2; データモデル:2; DTO:1; Validate:1; schema:1; データ構造:1,1822,77807,C:\Users\Akaghef\data\作業\chatGPTdata\MarkdownFiles\Projects\Akaghef\M3E\260403_クラウド同期マージ問題.md,raw_conversations/260403_クラウド同期マージ問題.md
260325_温度とグラフ構造.md,2236,yes,scope-alias|validation|mutation|llm-transport|ui-state|schema|attrs|storage,整合:37; Alias:35; alias:35; 圧縮:29; Command:19; Undo:18; Scope:15; scope:15; ViewState:10; 循環:9; Redo:7; コンテクスト:5; スキーマ:5; 属性:5; 検証:5; Model.apply:3; メタデータ:3; folder world:2; migration:2; データモデル:2; schema:1; データ構造:1,2190,91942,C:\Users\Akaghef\data\作業\chatGPTdata\MarkdownFiles\Projects\Akaghef\M3E\260325_温度とグラフ構造.md,raw_conversations/260325_温度とグラフ構造.md
260311_外部ツール利用可否.md,2146,yes,scope-alias|mutation|validation|schema|llm-transport|ui-state|attrs|storage,Alias:40; alias:40; Scope:23; scope:23; Command:21; Undo:20; 整合:14; 検証:13; Redo:11; ViewState:11; コンテクスト:6; スキーマ:6; 属性:6; データモデル:4; 圧縮:4; Model.apply:3; folder world:3; migration:3; 循環:3; データ構造:2; schema:1; 通信:1,1941,88575,C:\Users\Akaghef\data\作業\chatGPTdata\MarkdownFiles\Projects\Akaghef\M3E\260311_外部ツール利用可否.md,raw_conversations/260311_外部ツール利用可否.md
260304_MVC通信形式_Rapid.md,2115,yes,ui-state|mutation|scope-alias|llm-transport|validation|schema|storage|attrs,ViewState:70; Command:36; Alias:22; alias:22; 通信:21; Undo:12; 整合:11; Model.apply:8; Redo:7; Scope:6; scope:6; コンテクスト:5; スキーマ:5; migration:4; schema:3; データ構造:3; 圧縮:3; folder world:2; データモデル:2; 属性:2; 循環:2; SQLite:1; 検証:1,1858,42494,C:\Users\Akaghef\data\作業\chatGPTdata\MarkdownFiles\Projects\Akaghef\M3E\260304_MVC通信形式_Rapid.md,raw_conversations/260304_MVC通信形式_Rapid.md
260403_データマイグレーションの実際.md,2112,yes,scope-alias|mutation|storage|schema|validation|ui-state|llm-transport|attrs,migration:37; Alias:35; alias:35; Scope:19; scope:19; Command:17; Undo:15; 整合:13; ViewState:10; スキーマ:10; Redo:6; schema:5; コンテクスト:5; Model.apply:3; 圧縮:3; 循環:3; folder world:2; データモデル:2; 属性:2; 検証:2; SQLite:1; データ構造:1,989,38819,C:\Users\Akaghef\data\作業\chatGPTdata\MarkdownFiles\Projects\Akaghef\M3E\260403_データマイグレーションの実際.md,raw_conversations/260403_データマイグレーションの実際.md
260330_GUI操作の自動化方法.md,2057,yes,scope-alias|mutation|validation|ui-state|schema|llm-transport|storage|attrs,Command:42; Alias:31; alias:31; Undo:22; 整合:17; Scope:16; scope:16; ViewState:13; Redo:12; 検証:8; スキーマ:6; コンテクスト:5; migration:4; 循環:4; Model.apply:3; schema:3; 圧縮:3; folder world:2; データモデル:2; 属性:2; データ構造:1,847,45661,C:\Users\Akaghef\data\作業\chatGPTdata\MarkdownFiles\Projects\Akaghef\M3E\260330_GUI操作の自動化方法.md,raw_conversations/260330_GUI操作の自動化方法.md
260330_Map_Logic_Limitations.md,2002,yes,scope-alias|mutation|schema|validation|attrs|ui-state|llm-transport|storage,Alias:35; alias:35; Command:27; Scope:22; scope:22; Undo:16; schema:11; ViewState:10; 整合:10; metadata:9; Redo:6; コンテクスト:5; スキーマ:5; Model.apply:3; 圧縮:3; 循環:3; folder world:2; migration:2; データモデル:2; 属性:2; 検証:2; データ構造:1,1067,47622,C:\Users\Akaghef\data\作業\chatGPTdata\MarkdownFiles\Projects\Akaghef\M3E\260330_Map_Logic_Limitations.md,raw_conversations/260330_Map_Logic_Limitations.md
260403_Worktreeによるディレクトリ管理.md,1899,yes,scope-alias|mutation|validation|ui-state|llm-transport|schema|attrs|storage,Scope:37; scope:37; Alias:34; alias:34; Command:18; Undo:15; 整合:15; ViewState:10; Redo:6; コンテクスト:5; スキーマ:5; Model.apply:3; 圧縮:3; 属性:3; 循環:3; folder world:2; migration:2; データモデル:2; 検証:2; schema:1; コンテキスト:1; データ構造:1,821,36107,C:\Users\Akaghef\data\作業\chatGPTdata\MarkdownFiles\Projects\Akaghef\M3E\260403_Worktreeによるディレクトリ管理.md,raw_conversations/260403_Worktreeによるディレクトリ管理.md
260404_ScopeとNodeの設定.md,1878,yes,scope-alias|mutation|validation|ui-state|schema|llm-transport|attrs|storage,Scope:34; scope:34; Alias:32; alias:32; Command:17; Undo:16; 整合:12; ViewState:11; Redo:6; コンテクスト:5; スキーマ:5; 属性:4; Model.apply:3; 圧縮:3; 循環:3; folder world:2; migration:2; データモデル:2; 検証:2; schema:1; データ構造:1,531,33365,C:\Users\Akaghef\data\作業\chatGPTdata\MarkdownFiles\Projects\Akaghef\M3E\260404_ScopeとNodeの設定.md,raw_conversations/260404_ScopeとNodeの設定.md
260330_LLMの不足判定設計.md,1847,yes,scope-alias|mutation|validation|llm-transport|ui-state|schema|attrs|storage,Alias:32; alias:32; Command:19; Scope:17; scope:17; Undo:15; 整合:14; ViewState:10; 圧縮:8; Redo:6; コンテキスト:5; コンテクスト:5; スキーマ:5; Model.apply:4; 循環:4; 検証:3; folder world:2; migration:2; データモデル:2; 属性:2; schema:1; データ構造:1,908,48277,C:\Users\Akaghef\data\作業\chatGPTdata\MarkdownFiles\Projects\Akaghef\M3E\260330_LLMの不足判定設計.md,raw_conversations/260330_LLMの不足判定設計.md
260402_ノードメタデータ設計.md,1821,yes,scope-alias|mutation|attrs|validation|ui-state|schema|llm-transport|storage,Alias:31; alias:31; Command:18; Undo:16; Scope:15; scope:15; ViewState:12; メタデータ:12; 整合:10; Redo:6; スキーマ:6; 属性:6; コンテクスト:5; Model.apply:3; 圧縮:3; 循環:3; folder world:2; migration:2; データモデル:2; 検証:2; schema:1; データ構造:1,523,31560,C:\Users\Akaghef\data\作業\chatGPTdata\MarkdownFiles\Projects\Akaghef\M3E\260402_ノードメタデータ設計.md,raw_conversations/260402_ノードメタデータ設計.md
260330_役割分離の方法.md,1801,yes,scope-alias|mutation|validation|ui-state|schema|llm-transport|attrs|storage,Alias:30; alias:30; Command:28; Undo:16; Scope:15; scope:15; ViewState:11; 整合:11; Redo:7; コンテクスト:5; スキーマ:5; Model.apply:4; 検証:4; 圧縮:3; 循環:3; folder world:2; migration:2; データモデル:2; 属性:2; Validate:1; schema:1; データ構造:1,849,36328,C:\Users\Akaghef\data\作業\chatGPTdata\MarkdownFiles\Projects\Akaghef\M3E\260330_役割分離の方法.md,raw_conversations/260330_役割分離の方法.md
260311_アプリ名の略称提案.md,1763,yes,scope-alias|mutation|validation|llm-transport|schema|attrs|ui-state|storage,Alias:42; alias:42; 整合:21; Command:14; Undo:14; コンテクスト:11; スキーマ:10; Scope:8; scope:8; 圧縮:7; Redo:6; データモデル:5; ViewState:4; folder world:4; 属性:4; Model.apply:2; migration:2; データ構造:2; 循環:2,830,43103,C:\Users\Akaghef\data\作業\chatGPTdata\MarkdownFiles\Projects\Akaghef\M3E\260311_アプリ名の略称提案.md,raw_conversations/260311_アプリ名の略称提案.md
260312_Freeplane_実装とデータ構造.md,1729,yes,scope-alias|schema|llm-transport|validation|mutation|attrs|ui-state|ssot|storage,Scope:20; scope:20; Alias:19; alias:19; コンテキスト:16; データモデル:9; ViewState:8; 整合:8; Command:7; データ構造:7; 属性:7; 検証:7; Undo:6; スキーマ:5; 正本:5; Redo:3; 循環:2; 通信:2; metadata:1; migration:1; schema:1; コンテクスト:1; メタデータ:1,2548,70095,C:\Users\Akaghef\data\作業\chatGPTdata\MarkdownFiles\Projects\Akaghef\M3E\260312_Freeplane_実装とデータ構造.md,raw_conversations/260312_Freeplane_実装とデータ構造.md
260404_M3Eのコンテンツ販売.md,1716,yes,scope-alias|mutation|validation|ui-state|llm-transport|schema|attrs|storage,Alias:31; alias:31; Command:18; Scope:17; scope:17; Undo:15; 整合:14; ViewState:10; Redo:6; コンテクスト:5; スキーマ:5; 圧縮:4; 循環:4; Model.apply:3; 検証:3; folder world:2; migration:2; データモデル:2; 属性:2; schema:1; データ構造:1,965,42114,C:\Users\Akaghef\data\作業\chatGPTdata\MarkdownFiles\Projects\Akaghef\M3E\260404_M3Eのコンテンツ販売.md,raw_conversations/260404_M3Eのコンテンツ販売.md
260403_固定費と戦略.md,1679,yes,scope-alias|mutation|validation|ui-state|schema|llm-transport|attrs|storage,Alias:32; alias:32; Command:17; Scope:17; scope:17; Undo:15; ViewState:10; 整合:10; Redo:6; 検証:6; コンテクスト:5; スキーマ:5; Model.apply:3; 圧縮:3; 循環:3; folder world:2; migration:2; データモデル:2; 属性:2; schema:1; データ構造:1,1892,93190,C:\Users\Akaghef\data\作業\chatGPTdata\MarkdownFiles\Projects\Akaghef\M3E\260403_固定費と戦略.md,raw_conversations/260403_固定費と戦略.md
260403_キーコンフィグ相談.md,1675,yes,scope-alias|mutation|validation|ui-state|llm-transport|schema|attrs|storage,Alias:30; alias:30; Command:18; Scope:15; Undo:15; scope:15; 整合:13; ViewState:11; Redo:6; コンテクスト:5; スキーマ:5; Model.apply:3; 圧縮:3; 循環:3; folder world:2; migration:2; データモデル:2; 属性:2; 検証:2; schema:1; コンテキスト:1; データ構造:1,1007,43159,C:\Users\Akaghef\data\作業\chatGPTdata\MarkdownFiles\Projects\Akaghef\M3E\260403_キーコンフィグ相談.md,raw_conversations/260403_キーコンフィグ相談.md
260404_HTML要素と設計.md,1674,yes,scope-alias|mutation|validation|ui-state|schema|llm-transport|attrs|storage,Alias:30; alias:30; Command:17; Undo:16; Scope:15; scope:15; ViewState:13; 整合:11; Redo:7; コンテクスト:5; スキーマ:5; Model.apply:3; 圧縮:3; 循環:3; folder world:2; migration:2; データモデル:2; 属性:2; 検証:2; schema:1; データ構造:1,571,33298,C:\Users\Akaghef\data\作業\chatGPTdata\MarkdownFiles\Projects\Akaghef\M3E\260404_HTML要素と設計.md,raw_conversations/260404_HTML要素と設計.md
260331_CodexCLI使用方法.md,1657,yes,scope-alias|mutation|validation|llm-transport|ui-state|schema|attrs|storage,Alias:30; alias:30; Command:18; Scope:15; Undo:15; scope:15; 整合:11; ViewState:10; Redo:6; コンテクスト:5; スキーマ:5; Model.apply:3; 圧縮:3; 循環:3; folder world:2; migration:2; コンテキスト:2; データモデル:2; 属性:2; 検証:2; schema:1; データ構造:1,1228,44867,C:\Users\Akaghef\data\作業\chatGPTdata\MarkdownFiles\Projects\Akaghef\M3E\260331_CodexCLI使用方法.md,raw_conversations/260331_CodexCLI使用方法.md
260331_BitwardenとPowerShell設定.md,1645,yes,scope-alias|mutation|validation|ui-state|llm-transport|schema|attrs|storage,Alias:30; alias:30; Command:19; Scope:15; Undo:15; scope:15; ViewState:10; 整合:10; Redo:6; コンテクスト:5; スキーマ:5; Model.apply:3; 圧縮:3; 循環:3; folder world:2; migration:2; データモデル:2; 属性:2; 検証:2; schema:1; コンテキスト:1; データ構造:1,1219,51697,C:\Users\Akaghef\data\作業\chatGPTdata\MarkdownFiles\Projects\Akaghef\M3E\260331_BitwardenとPowerShell設定.md,raw_conversations/260331_BitwardenとPowerShell設定.md
260330_メールボックス分類フロー.md,1642,yes,scope-alias|mutation|validation|ui-state|llm-transport|schema|attrs|storage,Alias:32; alias:32; Command:17; Scope:15; Undo:15; scope:15; 整合:11; ViewState:10; Redo:6; コンテクスト:5; スキーマ:5; 圧縮:4; Model.apply:3; 属性:3; 循環:3; folder world:2; migration:2; データモデル:2; 検証:2; schema:1; データ構造:1,740,38291,C:\Users\Akaghef\data\作業\chatGPTdata\MarkdownFiles\Projects\Akaghef\M3E\260330_メールボックス分類フロー.md,raw_conversations/260330_メールボックス分類フロー.md
260330_ハードコピーとソフトコピー.md,1640,yes,scope-alias|mutation|validation|ui-state|schema|llm-transport|attrs|storage,Alias:51; alias:51; Command:17; Undo:16; Scope:15; scope:15; 整合:12; ViewState:10; Redo:6; コンテクスト:5; スキーマ:5; Model.apply:3; 圧縮:3; 循環:3; folder world:2; migration:2; データモデル:2; 属性:2; 検証:2; schema:1; データ構造:1,808,36825,C:\Users\Akaghef\data\作業\chatGPTdata\MarkdownFiles\Projects\Akaghef\M3E\260330_ハードコピーとソフトコピー.md,raw_conversations/260330_ハードコピーとソフトコピー.md
260402_軸の定義と整理.md,1632,yes,scope-alias|mutation|validation|ui-state|schema|llm-transport|attrs|storage,Alias:30; alias:30; Command:17; Scope:15; Undo:15; scope:15; 整合:11; ViewState:10; Redo:6; コンテクスト:5; スキーマ:5; Model.apply:3; 圧縮:3; 属性:3; 循環:3; folder world:2; migration:2; データモデル:2; 検証:2; schema:1; データ構造:1,656,33679,C:\Users\Akaghef\data\作業\chatGPTdata\MarkdownFiles\Projects\Akaghef\M3E\260402_軸の定義と整理.md,raw_conversations/260402_軸の定義と整理.md
260403_AI_Infra_Design_for_M3E.md,1629,yes,scope-alias|mutation|validation|schema|ui-state|llm-transport|attrs|storage,Alias:51; alias:51; Command:17; Scope:15; Undo:15; scope:15; ViewState:10; 整合:10; Redo:6; スキーマ:6; コンテクスト:5; Model.apply:3; 圧縮:3; 循環:3; folder world:2; migration:2; データモデル:2; 属性:2; 検証:2; schema:1; データ構造:1,1264,70712,C:\Users\Akaghef\data\作業\chatGPTdata\MarkdownFiles\Projects\Akaghef\M3E\260403_AI_Infra_Design_for_M3E.md,raw_conversations/260403_AI_Infra_Design_for_M3E.md
260404_評価と比較の分離.md,1624,yes,scope-alias|mutation|validation|ui-state|schema|llm-transport|attrs|storage,Alias:30; alias:30; Command:17; Scope:15; Undo:15; scope:15; 整合:11; ViewState:10; Redo:6; コンテクスト:5; スキーマ:5; Model.apply:3; 圧縮:3; 循環:3; folder world:2; migration:2; データモデル:2; 属性:2; 検証:2; schema:1; データ構造:1,670,35782,C:\Users\Akaghef\data\作業\chatGPTdata\MarkdownFiles\Projects\Akaghef\M3E\260404_評価と比較の分離.md,raw_conversations/260404_評価と比較の分離.md
260304_KGFのOS構造.md,1438,no,scope-alias|mutation|validation|schema|llm-transport|attrs|ui-state|storage,Alias:29; alias:29; Command:15; 整合:13; Scope:12; scope:12; Undo:11; Redo:5; コンテクスト:5; スキーマ:5; folder world:4; データモデル:3; 圧縮:3; Model.apply:2; ViewState:2; 属性:2; 循環:2; 検証:2; migration:1; データ構造:1,1034,36776,C:\Users\Akaghef\data\作業\chatGPTdata\MarkdownFiles\Projects\Akaghef\M3E\260304_KGFのOS構造.md,raw_conversations/260304_KGFのOS構造.md
260304_KGFとフレームワーク.md,1304,no,scope-alias|mutation|schema|validation|llm-transport|ui-state|attrs|storage,Alias:28; alias:28; 整合:11; Undo:9; Command:7; Scope:7; ViewState:7; scope:7; コンテクスト:5; スキーマ:5; データモデル:5; Redo:4; データ構造:3; 圧縮:3; 属性:3; folder world:2; Model.apply:1; migration:1; 循環:1,880,32332,C:\Users\Akaghef\data\作業\chatGPTdata\MarkdownFiles\Projects\Akaghef\M3E\260304_KGFとフレームワーク.md,raw_conversations/260304_KGFとフレームワーク.md
260304_Manusでプロトタイプ作成.md,1073,no,scope-alias|mutation|validation|llm-transport|schema|attrs|ui-state,Alias:28; alias:28; Undo:11; 整合:10; Scope:6; scope:6; コンテクスト:5; スキーマ:4; Redo:3; folder world:3; データモデル:3; 圧縮:3; 循環:3; 属性:2; Command:1; ViewState:1; データ構造:1; 検証:1,641,29694,C:\Users\Akaghef\data\作業\chatGPTdata\MarkdownFiles\Projects\Akaghef\M3E\260304_Manusでプロトタイプ作成.md,raw_conversations/260304_Manusでプロトタイプ作成.md
260311_Agent開発の基本.md,1011,no,scope-alias|mutation|validation|llm-transport|schema|attrs|ui-state|storage,Alias:21; alias:21; 整合:9; Scope:8; scope:8; Command:7; Undo:7; コンテクスト:5; スキーマ:5; Redo:3; 圧縮:3; ViewState:2; folder world:2; データモデル:2; 属性:2; Model.apply:1; Validate:1; migration:1; データ構造:1; 循環:1,979,46021,C:\Users\Akaghef\data\作業\chatGPTdata\MarkdownFiles\Projects\Akaghef\M3E\260311_Agent開発の基本.md,raw_conversations/260311_Agent開発の基本.md
260312_Obsidian_Canvas_ラッピング.md,823,no,scope-alias|mutation|validation|ssot|attrs|llm-transport|schema|storage,Scope:15; scope:15; Alias:11; alias:11; 整合:10; Command:6; Undo:6; 正本:6; Redo:4; 検証:3; コンテキスト:2; メタデータ:2; folder world:1; migration:1; スキーマ:1; データモデル:1; 属性:1; 通信:1,642,21386,C:\Users\Akaghef\data\作業\chatGPTdata\MarkdownFiles\Projects\Akaghef\M3E\260312_Obsidian_Canvas_ラッピング.md,raw_conversations/260312_Obsidian_Canvas_ラッピング.md
260312_EdrawMindラッピング検討.md,778,no,scope-alias|validation|mutation|ssot|attrs|schema|storage|llm-transport|ui-state,Alias:14; alias:14; 整合:14; 正本:9; Undo:8; 検証:5; Redo:4; Command:3; Scope:3; scope:3; migration:2; データモデル:2; 属性:2; ViewState:1; スキーマ:1; メタデータ:1; 通信:1,452,20079,C:\Users\Akaghef\data\作業\chatGPTdata\MarkdownFiles\Projects\Akaghef\M3E\260312_EdrawMindラッピング検討.md,raw_conversations/260312_EdrawMindラッピング検討.md
260304_構造と文章の相互変換.md,720,no,validation|scope-alias|llm-transport|schema|attrs|mutation,検証:21; 整合:11; Alias:10; alias:10; コンテキスト:8; 圧縮:4; metadata:2; データモデル:2; データ構造:2; 循環:2; パッチ:1; メタデータ:1,2181,88586,C:\Users\Akaghef\data\作業\chatGPTdata\MarkdownFiles\Projects\Akaghef\M3E\260304_構造と文章の相互変換.md,raw_conversations/260304_構造と文章の相互変換.md
260312_Wisemapping_ラップ検証.md,712,no,scope-alias|validation|mutation|ssot|schema|ui-state|storage|attrs|llm-transport,Alias:10; alias:10; 整合:10; 検証:9; 正本:9; Undo:7; Redo:6; Scope:3; ViewState:3; scope:3; Command:2; migration:2; スキーマ:2; データモデル:1; 属性:1; 通信:1,351,16887,C:\Users\Akaghef\data\作業\chatGPTdata\MarkdownFiles\Projects\Akaghef\M3E\260312_Wisemapping_ラップ検証.md,raw_conversations/260312_Wisemapping_ラップ検証.md
260313_M3E_Obsidianファイル構造.md,382,no,scope-alias|mutation|ssot|ui-state|attrs|llm-transport|schema|storage,Alias:7; alias:7; Command:6; Scope:6; scope:6; Redo:3; Undo:3; ViewState:2; 正本:2; metadata:1; migration:1; schema:1; コンテキスト:1,556,12767,C:\Users\Akaghef\data\作業\chatGPTdata\MarkdownFiles\Projects\Akaghef\M3E\260313_M3E_Obsidianファイル構造.md,raw_conversations/260313_M3E_Obsidianファイル構造.md
260313_雑多.md,324,no,mutation|scope-alias|schema|ssot|ui-state|validation|attrs,Command:10; 正本:3; Alias:2; Scope:2; Undo:2; ViewState:2; alias:2; scope:2; データ構造:2; 整合:2; Model.apply:1; schema:1; 属性:1,462,19140,C:\Users\Akaghef\data\作業\chatGPTdata\MarkdownFiles\Projects\Akaghef\M3E\260313_雑多.md,raw_conversations/260313_雑多.md
260313_ReactとCanvasの実装方針.md,296,no,mutation|scope-alias|ui-state|validation|llm-transport|schema,Command:8; ViewState:5; Redo:4; Undo:4; 整合:4; Scope:3; scope:3; データモデル:1; 圧縮:1,713,27966,C:\Users\Akaghef\data\作業\chatGPTdata\MarkdownFiles\Projects\Akaghef\M3E\260313_ReactとCanvasの実装方針.md,raw_conversations/260313_ReactとCanvasの実装方針.md
260313_Xiaomiセンサー表示機実装.md,147,no,llm-transport|schema|ui-state|mutation|storage,通信:7; ViewState:2; Command:1; migration:1; スキーマ:1; データモデル:1,645,18489,C:\Users\Akaghef\data\作業\chatGPTdata\MarkdownFiles\Projects\Akaghef\M3E\260313_Xiaomiセンサー表示機実装.md,raw_conversations/260313_Xiaomiセンサー表示機実装.md
260304_タイムボクシング連携.md,128,no,scope-alias|validation|attrs|mutation|schema,属性:3; 整合:3; Alias:2; alias:2; Command:1; Undo:1; データモデル:1; 循環:1,266,13362,C:\Users\Akaghef\data\作業\chatGPTdata\MarkdownFiles\Projects\Akaghef\M3E\260304_タイムボクシング連携.md,raw_conversations/260304_タイムボクシング連携.md
260308_AIと研究のギャップ.md,113,no,scope-alias|validation|schema|attrs|llm-transport,整合:3; Scope:2; scope:2; データ構造:2; 圧縮:1; 属性:1,448,43730,C:\Users\Akaghef\data\作業\chatGPTdata\MarkdownFiles\Projects\Akaghef\M3E\260308_AIと研究のギャップ.md,raw_conversations/260308_AIと研究のギャップ.md
260327_Freeplane_フォークの現実性.md,70,no,llm-transport|mutation|schema|ui-state|validation,Command:1; ViewState:1; データ構造:1; 圧縮:1; 整合:1; 通信:1,379,22756,C:\Users\Akaghef\data\作業\chatGPTdata\MarkdownFiles\Projects\Akaghef\M3E\260327_Freeplane_フォークの現実性.md,raw_conversations/260327_Freeplane_フォークの現実性.md
260305_アプリ仕様とフレームワーク.md,52,no,scope-alias|mutation|schema|validation,Alias:1; Undo:1; alias:1; データモデル:1; 整合:1,58,2838,C:\Users\Akaghef\data\作業\chatGPTdata\MarkdownFiles\Projects\Akaghef\M3E\260305_アプリ仕様とフレームワーク.md,raw_conversations/260305_アプリ仕様とフレームワーク.md
260310_意思決定の高速化.md,9,no,validation,整合:1,214,11169,C:\Users\Akaghef\data\作業\chatGPTdata\MarkdownFiles\Projects\Akaghef\M3E\260310_意思決定の高速化.md,raw_conversations/260310_意思決定の高速化.md
260304_Miro_Mind_Map_API.md,0,no,,,49,2592,C:\Users\Akaghef\data\作業\chatGPTdata\MarkdownFiles\Projects\Akaghef\M3E\260304_Miro_Mind_Map_API.md,raw_conversations/260304_Miro_Mind_Map_API.md
260312_ライセンスと公開障害.md,0,no,,,158,5593,C:\Users\Akaghef\data\作業\chatGPTdata\MarkdownFiles\Projects\Akaghef\M3E\260312_ライセンスと公開障害.md,raw_conversations/260312_ライセンスと公開障害.md
